<?xml version="1.0" encoding="UTF-8"?>
<beans xmlns="http://www.springframework.org/schema/beans"
	xmlns:xsi="http://www.w3.org/2001/XMLSchema-instance" xmlns:context="http://www.springframework.org/schema/context"
	xmlns:util="http://www.springframework.org/schema/util" xmlns:mvc="http://www.springframework.org/schema/mvc"
	xsi:schemaLocation="http://www.springframework.org/schema/mvc http://www.springframework.org/schema/mvc/spring-mvc-3.2.xsd  
  http://www.springframework.org/schema/beans http://www.springframework.org/schema/beans/spring-beans.xsd  
  http://www.springframework.org/schema/util http://www.springframework.org/schema/util/spring-util-3.2.xsd  
  http://www.springframework.org/schema/context http://www.springframework.org/schema/context/spring-context-3.2.xsd">

	<context:component-scan base-package="com.frontenddev.sra" />
	<mvc:annotation-driven />

	<bean id="myDataSource" class="org.springframework.jdbc.datasource.DriverManagerDataSource">
		<property name="username" value="root" />
		<property name="password" value="password" />
		<property name="driverClassName" value="com.mysql.jdbc.Driver" />
		<property name="url" value="jdbc:mysql://localhost:3306/sales_rep" />
	</bean>

	<bean id="sessionFactory"
		class="org.springframework.orm.hibernate4.LocalSessionFactoryBean">
		<property name="dataSource" ref="myDataSource" />
		<property name="annotatedClasses">
			<list>
				<value>com.frontenddev.sra.model.Customer</value>
				<value>com.frontenddev.sra.model.Address</value>
				<value>com.frontenddev.sra.model.Communication</value>
				<value>com.frontenddev.sra.model.User</value>
				<value>com.frontenddev.sra.model.Visit</value>
			</list>
		</property>
		<property name="hibernateProperties">
			<props>
				<prop key="hibernate.dialect">org.hibernate.dialect.MySQL5Dialect</prop>
				<prop key="hibernate.show_sql">true</prop>
				<prop key="hibernate.format_sql">true</prop>
				<prop key="hibernate.hbm2ddl.auto">update</prop>
			</props>
		</property>
	</bean>

	<bean id="txManager"
		class="org.springframework.orm.hibernate4.HibernateTransactionManager">
		<property name="sessionFactory" ref="sessionFactory" />
	</bean>

	<bean id="persistenceExceptionTranslationPostProcessor"
		class="org.springframework.dao.annotation.PersistenceExceptionTranslationPostProcessor" />

	<bean id="customerDao" class="com.frontenddev.sra.dao.CustomerDaoImpl"></bean>
	<bean id="customerService" class="com.frontenddev.sra.service.CustomerServiceImpl"></bean>
	<bean id="userDao" class="com.frontenddev.sra.dao.UserDaoImpl"></bean>
	<bean id="userService" class="com.frontenddev.sra.service.UserServiceImpl"></bean>
</beans>